country_iso3,country_name,year,indicator_code,indicator_name,value
QAT,Qatar,2023,EG.ELC.ACCS.ZS,Access to electricity (% of population),100.0
QAT,Qatar,2022,EG.ELC.ACCS.ZS,Access to electricity (% of population),100.0
QAT,Qatar,2021,EG.ELC.ACCS.ZS,Access to electricity (% of population),100.0
QAT,Qatar,2020,EG.ELC.ACCS.ZS,Access to electricity (% of population),100.0
QAT,Qatar,2019,EG.ELC.ACCS.ZS,Access to electricity (% of population),100.0
QAT,Qatar,2018,EG.ELC.ACCS.ZS,Access to electricity (% of population),100.0
QAT,Qatar,2017,EG.ELC.ACCS.ZS,Access to electricity (% of population),100.0
QAT,Qatar,2016,EG.ELC.ACCS.ZS,Access to electricity (% of population),100.0
QAT,Qatar,2015,EG.ELC.ACCS.ZS,Access to electricity (% of population),100.0
QAT,Qatar,2014,EG.ELC.ACCS.ZS,Access to electricity (% of population),100.0
QAT,Qatar,2013,EG.ELC.ACCS.ZS,Access to electricity (% of population),100.0
QAT,Qatar,2012,EG.ELC.ACCS.ZS,Access to electricity (% of population),100.0
QAT,Qatar,2023,EG.ELC.RNEW.ZS,Renewable electricity output (% of total),
QAT,Qatar,2022,EG.ELC.RNEW.ZS,Renewable electricity output (% of total),
QAT,Qatar,2021,EG.ELC.RNEW.ZS,Renewable electricity output (% of total),0.276427644700916
QAT,Qatar,2020,EG.ELC.RNEW.ZS,Renewable electricity output (% of total),0.289800641520159
QAT,Qatar,2019,EG.ELC.RNEW.ZS,Renewable electricity output (% of total),0.252506416426051
QAT,Qatar,2018,EG.ELC.RNEW.ZS,Renewable electricity output (% of total),0.298213391217232
QAT,Qatar,2017,EG.ELC.RNEW.ZS,Renewable electricity output (% of total),0.301422487597137
QAT,Qatar,2016,EG.ELC.RNEW.ZS,Renewable electricity output (% of total),0.309972345002009
QAT,Qatar,2015,EG.ELC.RNEW.ZS,Renewable electricity output (% of total),0.30323622255958
QAT,Qatar,2014,EG.ELC.RNEW.ZS,Renewable electricity output (% of total),0.279980357696682
QAT,Qatar,2013,EG.ELC.RNEW.ZS,Renewable electricity output (% of total),0.231423791392639
QAT,Qatar,2012,EG.ELC.RNEW.ZS,Renewable electricity output (% of total),0.0305573921292437
QAT,Qatar,2023,EN.GHG.CO2.PC.CE.AR5,CO2 emissions excluding LULUCF per capita (t CO2e/capita),48.6426368357008
QAT,Qatar,2022,EN.GHG.CO2.PC.CE.AR5,CO2 emissions excluding LULUCF per capita (t CO2e/capita),45.1959539884538
QAT,Qatar,2021,EN.GHG.CO2.PC.CE.AR5,CO2 emissions excluding LULUCF per capita (t CO2e/capita),47.2839742745248
QAT,Qatar,2020,EN.GHG.CO2.PC.CE.AR5,CO2 emissions excluding LULUCF per capita (t CO2e/capita),41.2780926421936
QAT,Qatar,2019,EN.GHG.CO2.PC.CE.AR5,CO2 emissions excluding LULUCF per capita (t CO2e/capita),44.592192164423
QAT,Qatar,2018,EN.GHG.CO2.PC.CE.AR5,CO2 emissions excluding LULUCF per capita (t CO2e/capita),44.520899868022
QAT,Qatar,2017,EN.GHG.CO2.PC.CE.AR5,CO2 emissions excluding LULUCF per capita (t CO2e/capita),44.8208042988114
QAT,Qatar,2016,EN.GHG.CO2.PC.CE.AR5,CO2 emissions excluding LULUCF per capita (t CO2e/capita),46.043357731359
QAT,Qatar,2015,EN.GHG.CO2.PC.CE.AR5,CO2 emissions excluding LULUCF per capita (t CO2e/capita),48.6591283555913
QAT,Qatar,2014,EN.GHG.CO2.PC.CE.AR5,CO2 emissions excluding LULUCF per capita (t CO2e/capita),51.4766852020105
QAT,Qatar,2013,EN.GHG.CO2.PC.CE.AR5,CO2 emissions excluding LULUCF per capita (t CO2e/capita),53.2936831372565
QAT,Qatar,2012,EN.GHG.CO2.PC.CE.AR5,CO2 emissions excluding LULUCF per capita (t CO2e/capita),53.5992587251326
USA,United States,2023,EG.ELC.ACCS.ZS,Access to electricity (% of population),100.0
USA,United States,2022,EG.ELC.ACCS.ZS,Access to electricity (% of population),100.0
USA,United States,2021,EG.ELC.ACCS.ZS,Access to electricity (% of population),100.0
USA,United States,2020,EG.ELC.ACCS.ZS,Access to electricity (% of population),100.0
USA,United States,2019,EG.ELC.ACCS.ZS,Access to electricity (% of population),100.0
USA,United States,2018,EG.ELC.ACCS.ZS,Access to electricity (% of population),100.0
USA,United States,2017,EG.ELC.ACCS.ZS,Access to electricity (% of population),100.0
USA,United States,2016,EG.ELC.ACCS.ZS,Access to electricity (% of population),100.0
USA,United States,2015,EG.ELC.ACCS.ZS,Access to electricity (% of population),100.0
USA,United States,2014,EG.ELC.ACCS.ZS,Access to electricity (% of population),100.0
USA,United States,2013,EG.ELC.ACCS.ZS,Access to electricity (% of population),100.0
USA,United States,2012,EG.ELC.ACCS.ZS,Access to electricity (% of population),100.0
USA,United States,2023,EG.ELC.RNEW.ZS,Renewable electricity output (% of total),
USA,United States,2022,EG.ELC.RNEW.ZS,Renewable electricity output (% of total),
USA,United States,2021,EG.ELC.RNEW.ZS,Renewable electricity output (% of total),20.2733089261925
USA,United States,2020,EG.ELC.RNEW.ZS,Renewable electricity output (% of total),19.9166987281584
USA,United States,2019,EG.ELC.RNEW.ZS,Renewable electricity output (% of total),17.938273721697
USA,United States,2018,EG.ELC.RNEW.ZS,Renewable electricity output (% of total),17.1628863424875
USA,United States,2017,EG.ELC.RNEW.ZS,Renewable electricity output (% of total),17.2854220343839
USA,United States,2016,EG.ELC.RNEW.ZS,Renewable electricity output (% of total),15.2594449655463
USA,United States,2015,EG.ELC.RNEW.ZS,Renewable electricity output (% of total),13.6328082889697
USA,United States,2014,EG.ELC.RNEW.ZS,Renewable electricity output (% of total),13.3792940741702
USA,United States,2013,EG.ELC.RNEW.ZS,Renewable electricity output (% of total),13.0285802128985
USA,United States,2012,EG.ELC.RNEW.ZS,Renewable electricity output (% of total),12.4129621083936
USA,United States,2023,EN.GHG.CO2.PC.CE.AR5,CO2 emissions excluding LULUCF per capita (t CO2e/capita),13.7140258849034
USA,United States,2022,EN.GHG.CO2.PC.CE.AR5,CO2 emissions excluding LULUCF per capita (t CO2e/capita),14.4186221294233
USA,United States,2021,EN.GHG.CO2.PC.CE.AR5,CO2 emissions excluding LULUCF per capita (t CO2e/capita),14.3160979329351
USA,United States,2020,EN.GHG.CO2.PC.CE.AR5,CO2 emissions excluding LULUCF per capita (t CO2e/capita),13.4715665664099
USA,United States,2019,EN.GHG.CO2.PC.CE.AR5,CO2 emissions excluding LULUCF per capita (t CO2e/capita),15.0439662080505
USA,United States,2018,EN.GHG.CO2.PC.CE.AR5,CO2 emissions excluding LULUCF per capita (t CO2e/capita),15.5796456645972
USA,United States,2017,EN.GHG.CO2.PC.CE.AR5,CO2 emissions excluding LULUCF per capita (t CO2e/capita),15.1847127213968
USA,United States,2016,EN.GHG.CO2.PC.CE.AR5,CO2 emissions excluding LULUCF per capita (t CO2e/capita),15.5045482189269
USA,United States,2015,EN.GHG.CO2.PC.CE.AR5,CO2 emissions excluding LULUCF per capita (t CO2e/capita),15.9501022949136
USA,United States,2014,EN.GHG.CO2.PC.CE.AR5,CO2 emissions excluding LULUCF per capita (t CO2e/capita),16.4248953102317
USA,United States,2013,EN.GHG.CO2.PC.CE.AR5,CO2 emissions excluding LULUCF per capita (t CO2e/capita),16.495975221911
USA,United States,2012,EN.GHG.CO2.PC.CE.AR5,CO2 emissions excluding LULUCF per capita (t CO2e/capita),16.1854221004814
GBR,United Kingdom,2023,EG.ELC.ACCS.ZS,Access to electricity (% of population),100.0
GBR,United Kingdom,2022,EG.ELC.ACCS.ZS,Access to electricity (% of population),100.0
GBR,United Kingdom,2021,EG.ELC.ACCS.ZS,Access to electricity (% of population),100.0
GBR,United Kingdom,2020,EG.ELC.ACCS.ZS,Access to electricity (% of population),100.0
GBR,United Kingdom,2019,EG.ELC.ACCS.ZS,Access to electricity (% of population),100.0
GBR,United Kingdom,2018,EG.ELC.ACCS.ZS,Access to electricity (% of population),100.0
GBR,United Kingdom,2017,EG.ELC.ACCS.ZS,Access to electricity (% of population),100.0
GBR,United Kingdom,2016,EG.ELC.ACCS.ZS,Access to electricity (% of population),100.0
GBR,United Kingdom,2015,EG.ELC.ACCS.ZS,Access to electricity (% of population),100.0
GBR,United Kingdom,2014,EG.ELC.ACCS.ZS,Access to electricity (% of population),100.0
GBR,United Kingdom,2013,EG.ELC.ACCS.ZS,Access to electricity (% of population),100.0
GBR,United Kingdom,2012,EG.ELC.ACCS.ZS,Access to electricity (% of population),100.0
GBR,United Kingdom,2023,EG.ELC.RNEW.ZS,Renewable electricity output (% of total),
GBR,United Kingdom,2022,EG.ELC.RNEW.ZS,Renewable electricity output (% of total),
GBR,United Kingdom,2021,EG.ELC.RNEW.ZS,Renewable electricity output (% of total),40.1999760236135
GBR,United Kingdom,2020,EG.ELC.RNEW.ZS,Renewable electricity output (% of total),43.8836758483445
GBR,United Kingdom,2019,EG.ELC.RNEW.ZS,Renewable electricity output (% of total),37.5205246899264
GBR,United Kingdom,2018,EG.ELC.RNEW.ZS,Renewable electricity output (% of total),33.7661243996114
GBR,United Kingdom,2017,EG.ELC.RNEW.ZS,Renewable electricity output (% of total),30.154491759748
GBR,United Kingdom,2016,EG.ELC.RNEW.ZS,Renewable electricity output (% of total),25.4852540875207
GBR,United Kingdom,2015,EG.ELC.RNEW.ZS,Renewable electricity output (% of total),25.4710311062464
GBR,United Kingdom,2014,EG.ELC.RNEW.ZS,Renewable electricity output (% of total),19.9592553440347
GBR,United Kingdom,2013,EG.ELC.RNEW.ZS,Renewable electricity output (% of total),15.6690312872525
GBR,United Kingdom,2012,EG.ELC.RNEW.ZS,Renewable electricity output (% of total),12.1419134027188
GBR,United Kingdom,2023,EN.GHG.CO2.PC.CE.AR5,CO2 emissions excluding LULUCF per capita (t CO2e/capita),4.4477512185156
GBR,United Kingdom,2022,EN.GHG.CO2.PC.CE.AR5,CO2 emissions excluding LULUCF per capita (t CO2e/capita),4.80505795730085
GBR,United Kingdom,2021,EN.GHG.CO2.PC.CE.AR5,CO2 emissions excluding LULUCF per capita (t CO2e/capita),5.04516109767386
GBR,United Kingdom,2020,EN.GHG.CO2.PC.CE.AR5,CO2 emissions excluding LULUCF per capita (t CO2e/capita),4.79017680551393
GBR,United Kingdom,2019,EN.GHG.CO2.PC.CE.AR5,CO2 emissions excluding LULUCF per capita (t CO2e/capita),5.38832172660143
GBR,United Kingdom,2018,EN.GHG.CO2.PC.CE.AR5,CO2 emissions excluding LULUCF per capita (t CO2e/capita),5.64035331211248
GBR,United Kingdom,2017,EN.GHG.CO2.PC.CE.AR5,CO2 emissions excluding LULUCF per capita (t CO2e/capita),5.77150870171609
GBR,United Kingdom,2016,EN.GHG.CO2.PC.CE.AR5,CO2 emissions excluding LULUCF per capita (t CO2e/capita),5.9729506447581
GBR,United Kingdom,2015,EN.GHG.CO2.PC.CE.AR5,CO2 emissions excluding LULUCF per capita (t CO2e/capita),6.38967382119317
GBR,United Kingdom,2014,EN.GHG.CO2.PC.CE.AR5,CO2 emissions excluding LULUCF per capita (t CO2e/capita),6.6645615066776
GBR,United Kingdom,2013,EN.GHG.CO2.PC.CE.AR5,CO2 emissions excluding LULUCF per capita (t CO2e/capita),7.33137453615641
GBR,United Kingdom,2012,EN.GHG.CO2.PC.CE.AR5,CO2 emissions excluding LULUCF per capita (t CO2e/capita),7.55583494216069
DEU,Germany,2023,EG.ELC.ACCS.ZS,Access to electricity (% of population),100.0
DEU,Germany,2022,EG.ELC.ACCS.ZS,Access to electricity (% of population),100.0
DEU,Germany,2021,EG.ELC.ACCS.ZS,Access to electricity (% of population),100.0
DEU,Germany,2020,EG.ELC.ACCS.ZS,Access to electricity (% of population),100.0
DEU,Germany,2019,EG.ELC.ACCS.ZS,Access to electricity (% of population),100.0
DEU,Germany,2018,EG.ELC.ACCS.ZS,Access to electricity (% of population),100.0
DEU,Germany,2017,EG.ELC.ACCS.ZS,Access to electricity (% of population),100.0
DEU,Germany,2016,EG.ELC.ACCS.ZS,Access to electricity (% of population),100.0
DEU,Germany,2015,EG.ELC.ACCS.ZS,Access to electricity (% of population),100.0
DEU,Germany,2014,EG.ELC.ACCS.ZS,Access to electricity (% of population),100.0
DEU,Germany,2013,EG.ELC.ACCS.ZS,Access to electricity (% of population),100.0
DEU,Germany,2012,EG.ELC.ACCS.ZS,Access to electricity (% of population),100.0
DEU,Germany,2023,EG.ELC.RNEW.ZS,Renewable electricity output (% of total),
DEU,Germany,2022,EG.ELC.RNEW.ZS,Renewable electricity output (% of total),
DEU,Germany,2021,EG.ELC.RNEW.ZS,Renewable electricity output (% of total),39.8305665158005
DEU,Germany,2020,EG.ELC.RNEW.ZS,Renewable electricity output (% of total),44.8396245103934
DEU,Germany,2019,EG.ELC.RNEW.ZS,Renewable electricity output (% of total),40.577541904412
DEU,Germany,2018,EG.ELC.RNEW.ZS,Renewable electricity output (% of total),35.6372215317549
DEU,Germany,2017,EG.ELC.RNEW.ZS,Renewable electricity output (% of total),34.0095116739047
DEU,Germany,2016,EG.ELC.RNEW.ZS,Renewable electricity output (% of total),30.0192636163635
DEU,Germany,2015,EG.ELC.RNEW.ZS,Renewable electricity output (% of total),30.0329009777745
DEU,Germany,2014,EG.ELC.RNEW.ZS,Renewable electricity output (% of total),26.8208650442971
DEU,Germany,2013,EG.ELC.RNEW.ZS,Renewable electricity output (% of total),24.7569676577929
DEU,Germany,2012,EG.ELC.RNEW.ZS,Renewable electricity output (% of total),23.7360619053531
DEU,Germany,2023,EN.GHG.CO2.PC.CE.AR5,CO2 emissions excluding LULUCF per capita (t CO2e/capita),7.07982839106762
DEU,Germany,2022,EN.GHG.CO2.PC.CE.AR5,CO2 emissions excluding LULUCF per capita (t CO2e/capita),7.91182860265874
DEU,Germany,2021,EN.GHG.CO2.PC.CE.AR5,CO2 emissions excluding LULUCF per capita (t CO2e/capita),8.06128144646434
DEU,Germany,2020,EN.GHG.CO2.PC.CE.AR5,CO2 emissions excluding LULUCF per capita (t CO2e/capita),7.72103264767393
DEU,Germany,2019,EN.GHG.CO2.PC.CE.AR5,CO2 emissions excluding LULUCF per capita (t CO2e/capita),8.38218043063623
DEU,Germany,2018,EN.GHG.CO2.PC.CE.AR5,CO2 emissions excluding LULUCF per capita (t CO2e/capita),9.00657809367265
DEU,Germany,2017,EN.GHG.CO2.PC.CE.AR5,CO2 emissions excluding LULUCF per capita (t CO2e/capita),9.36976518940283
DEU,Germany,2016,EN.GHG.CO2.PC.CE.AR5,CO2 emissions excluding LULUCF per capita (t CO2e/capita),9.58423383867929
DEU,Germany,2015,EN.GHG.CO2.PC.CE.AR5,CO2 emissions excluding LULUCF per capita (t CO2e/capita),9.60884887243027
DEU,Germany,2014,EN.GHG.CO2.PC.CE.AR5,CO2 emissions excluding LULUCF per capita (t CO2e/capita),9.61630846170469
DEU,Germany,2013,EN.GHG.CO2.PC.CE.AR5,CO2 emissions excluding LULUCF per capita (t CO2e/capita),10.1408601249876
DEU,Germany,2012,EN.GHG.CO2.PC.CE.AR5,CO2 emissions excluding LULUCF per capita (t CO2e/capita),9.94745307113612
FRA,France,2023,EG.ELC.ACCS.ZS,Access to electricity (% of population),100.0
FRA,France,2022,EG.ELC.ACCS.ZS,Access to electricity (% of population),100.0
FRA,France,2021,EG.ELC.ACCS.ZS,Access to electricity (% of population),100.0
FRA,France,2020,EG.ELC.ACCS.ZS,Access to electricity (% of population),100.0
FRA,France,2019,EG.ELC.ACCS.ZS,Access to electricity (% of population),100.0
FRA,France,2018,EG.ELC.ACCS.ZS,Access to electricity (% of population),100.0
FRA,France,2017,EG.ELC.ACCS.ZS,Access to electricity (% of population),100.0
FRA,France,2016,EG.ELC.ACCS.ZS,Access to electricity (% of population),100.0
FRA,France,2015,EG.ELC.ACCS.ZS,Access to electricity (% of population),100.0
FRA,France,2014,EG.ELC.ACCS.ZS,Access to electricity (% of population),100.0
FRA,France,2013,EG.ELC.ACCS.ZS,Access to electricity (% of population),100.0
FRA,France,2012,EG.ELC.ACCS.ZS,Access to electricity (% of population),100.0
FRA,France,2023,EG.ELC.RNEW.ZS,Renewable electricity output (% of total),
FRA,France,2022,EG.ELC.RNEW.ZS,Renewable electricity output (% of total),
FRA,France,2021,EG.ELC.RNEW.ZS,Renewable electricity output (% of total),22.8038733642766
FRA,France,2020,EG.ELC.RNEW.ZS,Renewable electricity output (% of total),24.3565688978964
FRA,France,2019,EG.ELC.RNEW.ZS,Renewable electricity output (% of total),20.6287000318508
FRA,France,2018,EG.ELC.RNEW.ZS,Renewable electricity output (% of total),20.4354555869103
FRA,France,2017,EG.ELC.RNEW.ZS,Renewable electricity output (% of total),17.3813942159824
FRA,France,2016,EG.ELC.RNEW.ZS,Renewable electricity output (% of total),18.3954832584027
FRA,France,2015,EG.ELC.RNEW.ZS,Renewable electricity output (% of total),16.6912500883769
FRA,France,2014,EG.ELC.RNEW.ZS,Renewable electricity output (% of total),17.4240636120725
FRA,France,2013,EG.ELC.RNEW.ZS,Renewable electricity output (% of total),17.9490525882191
FRA,France,2012,EG.ELC.RNEW.ZS,Renewable electricity output (% of total),15.7356680451587
FRA,France,2023,EN.GHG.CO2.PC.CE.AR5,CO2 emissions excluding LULUCF per capita (t CO2e/capita),4.15598361008436
FRA,France,2022,EN.GHG.CO2.PC.CE.AR5,CO2 emissions excluding LULUCF per capita (t CO2e/capita),4.51246828877731
FRA,France,2021,EN.GHG.CO2.PC.CE.AR5,CO2 emissions excluding LULUCF per capita (t CO2e/capita),4.66820869200128
FRA,France,2020,EN.GHG.CO2.PC.CE.AR5,CO2 emissions excluding LULUCF per capita (t CO2e/capita),4.24677642127474
FRA,France,2019,EN.GHG.CO2.PC.CE.AR5,CO2 emissions excluding LULUCF per capita (t CO2e/capita),4.79214044818249
FRA,France,2018,EN.GHG.CO2.PC.CE.AR5,CO2 emissions excluding LULUCF per capita (t CO2e/capita),4.89217066506758
FRA,France,2017,EN.GHG.CO2.PC.CE.AR5,CO2 emissions excluding LULUCF per capita (t CO2e/capita),5.06155143263354
FRA,France,2016,EN.GHG.CO2.PC.CE.AR5,CO2 emissions excluding LULUCF per capita (t CO2e/capita),5.01727531627851
FRA,France,2015,EN.GHG.CO2.PC.CE.AR5,CO2 emissions excluding LULUCF per capita (t CO2e/capita),4.99116340691761
FRA,France,2014,EN.GHG.CO2.PC.CE.AR5,CO2 emissions excluding LULUCF per capita (t CO2e/capita),4.93048874498212
FRA,France,2013,EN.GHG.CO2.PC.CE.AR5,CO2 emissions excluding LULUCF per capita (t CO2e/capita),5.45712098979101
FRA,France,2012,EN.GHG.CO2.PC.CE.AR5,CO2 emissions excluding LULUCF per capita (t CO2e/capita),5.55949763606406
CHN,China,2023,EG.ELC.ACCS.ZS,Access to electricity (% of population),100.0
CHN,China,2022,EG.ELC.ACCS.ZS,Access to electricity (% of population),100.0
CHN,China,2021,EG.ELC.ACCS.ZS,Access to electricity (% of population),100.0
CHN,China,2020,EG.ELC.ACCS.ZS,Access to electricity (% of population),100.0
CHN,China,2019,EG.ELC.ACCS.ZS,Access to electricity (% of population),100.0
CHN,China,2018,EG.ELC.ACCS.ZS,Access to electricity (% of population),100.0
CHN,China,2017,EG.ELC.ACCS.ZS,Access to electricity (% of population),100.0
CHN,China,2016,EG.ELC.ACCS.ZS,Access to electricity (% of population),100.0
CHN,China,2015,EG.ELC.ACCS.ZS,Access to electricity (% of population),100.0
CHN,China,2014,EG.ELC.ACCS.ZS,Access to electricity (% of population),100.0
CHN,China,2013,EG.ELC.ACCS.ZS,Access to electricity (% of population),100.0
CHN,China,2012,EG.ELC.ACCS.ZS,Access to electricity (% of population),99.9
CHN,China,2023,EG.ELC.RNEW.ZS,Renewable electricity output (% of total),
CHN,China,2022,EG.ELC.RNEW.ZS,Renewable electricity output (% of total),
CHN,China,2021,EG.ELC.RNEW.ZS,Renewable electricity output (% of total),28.427997926748
CHN,China,2020,EG.ELC.RNEW.ZS,Renewable electricity output (% of total),28.111907967469
CHN,China,2019,EG.ELC.RNEW.ZS,Renewable electricity output (% of total),26.8897023697607
CHN,China,2018,EG.ELC.RNEW.ZS,Renewable electricity output (% of total),25.8127409492271
CHN,China,2017,EG.ELC.RNEW.ZS,Renewable electricity output (% of total),25.0386725537724
CHN,China,2016,EG.ELC.RNEW.ZS,Renewable electricity output (% of total),25.0520357144816
CHN,China,2015,EG.ELC.RNEW.ZS,Renewable electricity output (% of total),23.8649488788885
CHN,China,2014,EG.ELC.RNEW.ZS,Renewable electricity output (% of total),22.0557011175979
CHN,China,2013,EG.ELC.RNEW.ZS,Renewable electricity output (% of total),20.1334892653115
CHN,China,2012,EG.ELC.RNEW.ZS,Renewable electricity output (% of total),20.0980373624987
CHN,China,2023,EN.GHG.CO2.PC.CE.AR5,CO2 emissions excluding LULUCF per capita (t CO2e/capita),9.23027553501428
CHN,China,2022,EN.GHG.CO2.PC.CE.AR5,CO2 emissions excluding LULUCF per capita (t CO2e/capita),8.86482511020235
CHN,China,2021,EN.GHG.CO2.PC.CE.AR5,CO2 emissions excluding LULUCF per capita (t CO2e/capita),8.88715660313235
CHN,China,2020,EN.GHG.CO2.PC.CE.AR5,CO2 emissions excluding LULUCF per capita (t CO2e/capita),8.47858302033874
CHN,China,2019,EN.GHG.CO2.PC.CE.AR5,CO2 emissions excluding LULUCF per capita (t CO2e/capita),8.39147587098516
CHN,China,2018,EN.GHG.CO2.PC.CE.AR5,CO2 emissions excluding LULUCF per capita (t CO2e/capita),8.2177362485386
CHN,China,2017,EN.GHG.CO2.PC.CE.AR5,CO2 emissions excluding LULUCF per capita (t CO2e/capita),7.87802652170332
CHN,China,2016,EN.GHG.CO2.PC.CE.AR5,CO2 emissions excluding LULUCF per capita (t CO2e/capita),7.76322483949301
CHN,China,2015,EN.GHG.CO2.PC.CE.AR5,CO2 emissions excluding LULUCF per capita (t CO2e/capita),7.79057049265868
CHN,China,2014,EN.GHG.CO2.PC.CE.AR5,CO2 emissions excluding LULUCF per capita (t CO2e/capita),7.93164331637339
CHN,China,2013,EN.GHG.CO2.PC.CE.AR5,CO2 emissions excluding LULUCF per capita (t CO2e/capita),7.89327631231478
CHN,China,2012,EN.GHG.CO2.PC.CE.AR5,CO2 emissions excluding LULUCF per capita (t CO2e/capita),7.58441651466929
IND,India,2023,EG.ELC.ACCS.ZS,Access to electricity (% of population),99.5
IND,India,2022,EG.ELC.ACCS.ZS,Access to electricity (% of population),99.2
IND,India,2021,EG.ELC.ACCS.ZS,Access to electricity (% of population),99.6
IND,India,2020,EG.ELC.ACCS.ZS,Access to electricity (% of population),96.5
IND,India,2019,EG.ELC.ACCS.ZS,Access to electricity (% of population),95.9
IND,India,2018,EG.ELC.ACCS.ZS,Access to electricity (% of population),95.7
IND,India,2017,EG.ELC.ACCS.ZS,Access to electricity (% of population),91.8
IND,India,2016,EG.ELC.ACCS.ZS,Access to electricity (% of population),89.6
IND,India,2015,EG.ELC.ACCS.ZS,Access to electricity (% of population),88.0
IND,India,2014,EG.ELC.ACCS.ZS,Access to electricity (% of population),85.1
IND,India,2013,EG.ELC.ACCS.ZS,Access to electricity (% of population),83.1
IND,India,2012,EG.ELC.ACCS.ZS,Access to electricity (% of population),79.9
IND,India,2023,EG.ELC.RNEW.ZS,Renewable electricity output (% of total),
IND,India,2022,EG.ELC.RNEW.ZS,Renewable electricity output (% of total),
IND,India,2021,EG.ELC.RNEW.ZS,Renewable electricity output (% of total),19.131292447169
IND,India,2020,EG.ELC.RNEW.ZS,Renewable electricity output (% of total),19.7557474948152
IND,India,2019,EG.ELC.RNEW.ZS,Renewable electricity output (% of total),16.8275232132522
IND,India,2018,EG.ELC.RNEW.ZS,Renewable electricity output (% of total),15.0102597827208
IND,India,2017,EG.ELC.RNEW.ZS,Renewable electricity output (% of total),14.1593786090421
IND,India,2016,EG.ELC.RNEW.ZS,Renewable electricity output (% of total),13.5971725653557
IND,India,2015,EG.ELC.RNEW.ZS,Renewable electricity output (% of total),14.8948527456761
IND,India,2014,EG.ELC.RNEW.ZS,Renewable electricity output (% of total),15.8631842012333
IND,India,2013,EG.ELC.RNEW.ZS,Renewable electricity output (% of total),15.2987635527139
IND,India,2012,EG.ELC.RNEW.ZS,Renewable electricity output (% of total),16.2449871875852
IND,India,2023,EN.GHG.CO2.PC.CE.AR5,CO2 emissions excluding LULUCF per capita (t CO2e/capita),2.09622858892568
IND,India,2022,EN.GHG.CO2.PC.CE.AR5,CO2 emissions excluding LULUCF per capita (t CO2e/capita),1.96929618962877
IND,India,2021,EN.GHG.CO2.PC.CE.AR5,CO2 emissions excluding LULUCF per capita (t CO2e/capita),1.83702951699406
IND,India,2020,EN.GHG.CO2.PC.CE.AR5,CO2 emissions excluding LULUCF per capita (t CO2e/capita),1.68040016064392
IND,India,2019,EN.GHG.CO2.PC.CE.AR5,CO2 emissions excluding LULUCF per capita (t CO2e/capita),1.83688223212799
IND,India,2018,EN.GHG.CO2.PC.CE.AR5,CO2 emissions excluding LULUCF per capita (t CO2e/capita),1.85989309419052
IND,India,2017,EN.GHG.CO2.PC.CE.AR5,CO2 emissions excluding LULUCF per capita (t CO2e/capita),1.79545339877531
IND,India,2016,EN.GHG.CO2.PC.CE.AR5,CO2 emissions excluding LULUCF per capita (t CO2e/capita),1.7202923565219
IND,India,2015,EN.GHG.CO2.PC.CE.AR5,CO2 emissions excluding LULUCF per capita (t CO2e/capita),1.71550269097521
IND,India,2014,EN.GHG.CO2.PC.CE.AR5,CO2 emissions excluding LULUCF per capita (t CO2e/capita),1.70517686000076
IND,India,2013,EN.GHG.CO2.PC.CE.AR5,CO2 emissions excluding LULUCF per capita (t CO2e/capita),1.59945855716817
IND,India,2012,EN.GHG.CO2.PC.CE.AR5,CO2 emissions excluding LULUCF per capita (t CO2e/capita),1.57607553513255
BRA,Brazil,2023,EG.ELC.ACCS.ZS,Access to electricity (% of population),99.8
BRA,Brazil,2022,EG.ELC.ACCS.ZS,Access to electricity (% of population),100.0
BRA,Brazil,2021,EG.ELC.ACCS.ZS,Access to electricity (% of population),99.5
BRA,Brazil,2020,EG.ELC.ACCS.ZS,Access to electricity (% of population),99.7
BRA,Brazil,2019,EG.ELC.ACCS.ZS,Access to electricity (% of population),99.8
BRA,Brazil,2018,EG.ELC.ACCS.ZS,Access to electricity (% of population),99.7
BRA,Brazil,2017,EG.ELC.ACCS.ZS,Access to electricity (% of population),99.8
BRA,Brazil,2016,EG.ELC.ACCS.ZS,Access to electricity (% of population),99.7
BRA,Brazil,2015,EG.ELC.ACCS.ZS,Access to electricity (% of population),99.7
BRA,Brazil,2014,EG.ELC.ACCS.ZS,Access to electricity (% of population),99.7
BRA,Brazil,2013,EG.ELC.ACCS.ZS,Access to electricity (% of population),99.6
BRA,Brazil,2012,EG.ELC.ACCS.ZS,Access to electricity (% of population),99.5
BRA,Brazil,2023,EG.ELC.RNEW.ZS,Renewable electricity output (% of total),
BRA,Brazil,2022,EG.ELC.RNEW.ZS,Renewable electricity output (% of total),
BRA,Brazil,2021,EG.ELC.RNEW.ZS,Renewable electricity output (% of total),77.3753492178891
BRA,Brazil,2020,EG.ELC.RNEW.ZS,Renewable electricity output (% of total),83.1761424000102
BRA,Brazil,2019,EG.ELC.RNEW.ZS,Renewable electricity output (% of total),81.4302357542747
BRA,Brazil,2018,EG.ELC.RNEW.ZS,Renewable electricity output (% of total),81.5730752318417
BRA,Brazil,2017,EG.ELC.RNEW.ZS,Renewable electricity output (% of total),78.4181545870035
BRA,Brazil,2016,EG.ELC.RNEW.ZS,Renewable electricity output (% of total),79.7128089556938
BRA,Brazil,2015,EG.ELC.RNEW.ZS,Renewable electricity output (% of total),73.5400962658205
BRA,Brazil,2014,EG.ELC.RNEW.ZS,Renewable electricity output (% of total),72.5770927252724
BRA,Brazil,2013,EG.ELC.RNEW.ZS,Renewable electricity output (% of total),76.8252008450734
BRA,Brazil,2012,EG.ELC.RNEW.ZS,Renewable electricity output (% of total),82.577658259127
BRA,Brazil,2023,EN.GHG.CO2.PC.CE.AR5,CO2 emissions excluding LULUCF per capita (t CO2e/capita),2.27447826989363
BRA,Brazil,2022,EN.GHG.CO2.PC.CE.AR5,CO2 emissions excluding LULUCF per capita (t CO2e/capita),2.27889577215227
BRA,Brazil,2021,EN.GHG.CO2.PC.CE.AR5,CO2 emissions excluding LULUCF per capita (t CO2e/capita),2.41580858865319
BRA,Brazil,2020,EN.GHG.CO2.PC.CE.AR5,CO2 emissions excluding LULUCF per capita (t CO2e/capita),2.1466461829
BRA,Brazil,2019,EN.GHG.CO2.PC.CE.AR5,CO2 emissions excluding LULUCF per capita (t CO2e/capita),2.25869881785082
BRA,Brazil,2018,EN.GHG.CO2.PC.CE.AR5,CO2 emissions excluding LULUCF per capita (t CO2e/capita),2.28562350357953
BRA,Brazil,2017,EN.GHG.CO2.PC.CE.AR5,CO2 emissions excluding LULUCF per capita (t CO2e/capita),2.41694955353585
BRA,Brazil,2016,EN.GHG.CO2.PC.CE.AR5,CO2 emissions excluding LULUCF per capita (t CO2e/capita),2.37533549789759
BRA,Brazil,2015,EN.GHG.CO2.PC.CE.AR5,CO2 emissions excluding LULUCF per capita (t CO2e/capita),2.56818858918394
BRA,Brazil,2014,EN.GHG.CO2.PC.CE.AR5,CO2 emissions excluding LULUCF per capita (t CO2e/capita),2.7310345760982
BRA,Brazil,2013,EN.GHG.CO2.PC.CE.AR5,CO2 emissions excluding LULUCF per capita (t CO2e/capita),2.63744450973958
BRA,Brazil,2012,EN.GHG.CO2.PC.CE.AR5,CO2 emissions excluding LULUCF per capita (t CO2e/capita),2.52901988702936
ZAF,South Africa,2023,EG.ELC.ACCS.ZS,Access to electricity (% of population),87.7
ZAF,South Africa,2022,EG.ELC.ACCS.ZS,Access to electricity (% of population),86.5
ZAF,South Africa,2021,EG.ELC.ACCS.ZS,Access to electricity (% of population),89.3
ZAF,South Africa,2020,EG.ELC.ACCS.ZS,Access to electricity (% of population),90.0
ZAF,South Africa,2019,EG.ELC.ACCS.ZS,Access to electricity (% of population),85.0
ZAF,South Africa,2018,EG.ELC.ACCS.ZS,Access to electricity (% of population),84.7
ZAF,South Africa,2017,EG.ELC.ACCS.ZS,Access to electricity (% of population),84.4
ZAF,South Africa,2016,EG.ELC.ACCS.ZS,Access to electricity (% of population),83.9
ZAF,South Africa,2015,EG.ELC.ACCS.ZS,Access to electricity (% of population),85.3
ZAF,South Africa,2014,EG.ELC.ACCS.ZS,Access to electricity (% of population),85.9
ZAF,South Africa,2013,EG.ELC.ACCS.ZS,Access to electricity (% of population),85.2
ZAF,South Africa,2012,EG.ELC.ACCS.ZS,Access to electricity (% of population),85.2
ZAF,South Africa,2023,EG.ELC.RNEW.ZS,Renewable electricity output (% of total),
ZAF,South Africa,2022,EG.ELC.RNEW.ZS,Renewable electricity output (% of total),
ZAF,South Africa,2021,EG.ELC.RNEW.ZS,Renewable electricity output (% of total),6.44786393924166
ZAF,South Africa,2020,EG.ELC.RNEW.ZS,Renewable electricity output (% of total),6.0119154479148
ZAF,South Africa,2019,EG.ELC.RNEW.ZS,Renewable electricity output (% of total),5.24124159386961
ZAF,South Africa,2018,EG.ELC.RNEW.ZS,Renewable electricity output (% of total),4.87685113320359
ZAF,South Africa,2017,EG.ELC.RNEW.ZS,Renewable electricity output (% of total),4.18104603855229
ZAF,South Africa,2016,EG.ELC.RNEW.ZS,Renewable electricity output (% of total),3.10190031929162
ZAF,South Africa,2015,EG.ELC.RNEW.ZS,Renewable electricity output (% of total),2.67115419278604
ZAF,South Africa,2014,EG.ELC.RNEW.ZS,Renewable electricity output (% of total),2.14258565670803
ZAF,South Africa,2013,EG.ELC.RNEW.ZS,Renewable electricity output (% of total),1.73565741019162
ZAF,South Africa,2012,EG.ELC.RNEW.ZS,Renewable electricity output (% of total),1.80764503584459
ZAF,South Africa,2023,EN.GHG.CO2.PC.CE.AR5,CO2 emissions excluding LULUCF per capita (t CO2e/capita),6.75922774879049
ZAF,South Africa,2022,EN.GHG.CO2.PC.CE.AR5,CO2 emissions excluding LULUCF per capita (t CO2e/capita),6.88263936192025
ZAF,South Africa,2021,EN.GHG.CO2.PC.CE.AR5,CO2 emissions excluding LULUCF per capita (t CO2e/capita),7.29340675223128
ZAF,South Africa,2020,EN.GHG.CO2.PC.CE.AR5,CO2 emissions excluding LULUCF per capita (t CO2e/capita),7.4445834618028
ZAF,South Africa,2019,EN.GHG.CO2.PC.CE.AR5,CO2 emissions excluding LULUCF per capita (t CO2e/capita),8.01412233375962
ZAF,South Africa,2018,EN.GHG.CO2.PC.CE.AR5,CO2 emissions excluding LULUCF per capita (t CO2e/capita),8.077016906198
ZAF,South Africa,2017,EN.GHG.CO2.PC.CE.AR5,CO2 emissions excluding LULUCF per capita (t CO2e/capita),8.14751418587147
ZAF,South Africa,2016,EN.GHG.CO2.PC.CE.AR5,CO2 emissions excluding LULUCF per capita (t CO2e/capita),8.03701551903542
ZAF,South Africa,2015,EN.GHG.CO2.PC.CE.AR5,CO2 emissions excluding LULUCF per capita (t CO2e/capita),8.14948651738695
ZAF,South Africa,2014,EN.GHG.CO2.PC.CE.AR5,CO2 emissions excluding LULUCF per capita (t CO2e/capita),8.75262375978144
ZAF,South Africa,2013,EN.GHG.CO2.PC.CE.AR5,CO2 emissions excluding LULUCF per capita (t CO2e/capita),8.68872722515024
ZAF,South Africa,2012,EN.GHG.CO2.PC.CE.AR5,CO2 emissions excluding LULUCF per capita (t CO2e/capita),8.57667504044573
NGA,Nigeria,2023,EG.ELC.ACCS.ZS,Access to electricity (% of population),61.2
NGA,Nigeria,2022,EG.ELC.ACCS.ZS,Access to electricity (% of population),60.5
NGA,Nigeria,2021,EG.ELC.ACCS.ZS,Access to electricity (% of population),59.5
NGA,Nigeria,2020,EG.ELC.ACCS.ZS,Access to electricity (% of population),55.4
NGA,Nigeria,2019,EG.ELC.ACCS.ZS,Access to electricity (% of population),55.4
NGA,Nigeria,2018,EG.ELC.ACCS.ZS,Access to electricity (% of population),56.5
NGA,Nigeria,2017,EG.ELC.ACCS.ZS,Access to electricity (% of population),54.4
NGA,Nigeria,2016,EG.ELC.ACCS.ZS,Access to electricity (% of population),59.3
NGA,Nigeria,2015,EG.ELC.ACCS.ZS,Access to electricity (% of population),52.5
NGA,Nigeria,2014,EG.ELC.ACCS.ZS,Access to electricity (% of population),54.2
NGA,Nigeria,2013,EG.ELC.ACCS.ZS,Access to electricity (% of population),55.6
NGA,Nigeria,2012,EG.ELC.ACCS.ZS,Access to electricity (% of population),53.0
NGA,Nigeria,2023,EG.ELC.RNEW.ZS,Renewable electricity output (% of total),
NGA,Nigeria,2022,EG.ELC.RNEW.ZS,Renewable electricity output (% of total),
NGA,Nigeria,2021,EG.ELC.RNEW.ZS,Renewable electricity output (% of total),22.2303049100539
NGA,Nigeria,2020,EG.ELC.RNEW.ZS,Renewable electricity output (% of total),20.193785710674
NGA,Nigeria,2019,EG.ELC.RNEW.ZS,Renewable electricity output (% of total),23.3914536960704
NGA,Nigeria,2018,EG.ELC.RNEW.ZS,Renewable electricity output (% of total),21.1816543816544
NGA,Nigeria,2017,EG.ELC.RNEW.ZS,Renewable electricity output (% of total),22.2840172477798
NGA,Nigeria,2016,EG.ELC.RNEW.ZS,Renewable electricity output (% of total),15.655989150574
NGA,Nigeria,2015,EG.ELC.RNEW.ZS,Renewable electricity output (% of total),14.3507341670924
NGA,Nigeria,2014,EG.ELC.RNEW.ZS,Renewable electricity output (% of total),15.0193983351993
NGA,Nigeria,2013,EG.ELC.RNEW.ZS,Renewable electricity output (% of total),18.0403441289603
NGA,Nigeria,2012,EG.ELC.RNEW.ZS,Renewable electricity output (% of total),17.1392242073073
NGA,Nigeria,2023,EN.GHG.CO2.PC.CE.AR5,CO2 emissions excluding LULUCF per capita (t CO2e/capita),0.552339272252252
NGA,Nigeria,2022,EN.GHG.CO2.PC.CE.AR5,CO2 emissions excluding LULUCF per capita (t CO2e/capita),0.578271036832404
NGA,Nigeria,2021,EN.GHG.CO2.PC.CE.AR5,CO2 emissions excluding LULUCF per capita (t CO2e/capita),0.599006670437755
NGA,Nigeria,2020,EN.GHG.CO2.PC.CE.AR5,CO2 emissions excluding LULUCF per capita (t CO2e/capita),0.555700571123744
NGA,Nigeria,2019,EN.GHG.CO2.PC.CE.AR5,CO2 emissions excluding LULUCF per capita (t CO2e/capita),0.60197968413501
NGA,Nigeria,2018,EN.GHG.CO2.PC.CE.AR5,CO2 emissions excluding LULUCF per capita (t CO2e/capita),0.592412108680957
NGA,Nigeria,2017,EN.GHG.CO2.PC.CE.AR5,CO2 emissions excluding LULUCF per capita (t CO2e/capita),0.579461406473008
NGA,Nigeria,2016,EN.GHG.CO2.PC.CE.AR5,CO2 emissions excluding LULUCF per capita (t CO2e/capita),0.631791150085677
NGA,Nigeria,2015,EN.GHG.CO2.PC.CE.AR5,CO2 emissions excluding LULUCF per capita (t CO2e/capita),0.621244733321397
NGA,Nigeria,2014,EN.GHG.CO2.PC.CE.AR5,CO2 emissions excluding LULUCF per capita (t CO2e/capita),0.660183629190404
NGA,Nigeria,2013,EN.GHG.CO2.PC.CE.AR5,CO2 emissions excluding LULUCF per capita (t CO2e/capita),0.63302873569183
NGA,Nigeria,2012,EN.GHG.CO2.PC.CE.AR5,CO2 emissions excluding LULUCF per capita (t CO2e/capita),0.580337328542393
EGY,"Egypt, Arab Rep.",2023,EG.ELC.ACCS.ZS,Access to electricity (% of population),100.0
EGY,"Egypt, Arab Rep.",2022,EG.ELC.ACCS.ZS,Access to electricity (% of population),100.0
EGY,"Egypt, Arab Rep.",2021,EG.ELC.ACCS.ZS,Access to electricity (% of population),100.0
EGY,"Egypt, Arab Rep.",2020,EG.ELC.ACCS.ZS,Access to electricity (% of population),100.0
EGY,"Egypt, Arab Rep.",2019,EG.ELC.ACCS.ZS,Access to electricity (% of population),100.0
EGY,"Egypt, Arab Rep.",2018,EG.ELC.ACCS.ZS,Access to electricity (% of population),100.0
EGY,"Egypt, Arab Rep.",2017,EG.ELC.ACCS.ZS,Access to electricity (% of population),100.0
EGY,"Egypt, Arab Rep.",2016,EG.ELC.ACCS.ZS,Access to electricity (% of population),100.0
EGY,"Egypt, Arab Rep.",2015,EG.ELC.ACCS.ZS,Access to electricity (% of population),99.3
EGY,"Egypt, Arab Rep.",2014,EG.ELC.ACCS.ZS,Access to electricity (% of population),99.8
EGY,"Egypt, Arab Rep.",2013,EG.ELC.ACCS.ZS,Access to electricity (% of population),99.9
EGY,"Egypt, Arab Rep.",2012,EG.ELC.ACCS.ZS,Access to electricity (% of population),99.7
EGY,"Egypt, Arab Rep.",2023,EG.ELC.RNEW.ZS,Renewable electricity output (% of total),
EGY,"Egypt, Arab Rep.",2022,EG.ELC.RNEW.ZS,Renewable electricity output (% of total),
EGY,"Egypt, Arab Rep.",2021,EG.ELC.RNEW.ZS,Renewable electricity output (% of total),12.1959401781537
EGY,"Egypt, Arab Rep.",2020,EG.ELC.RNEW.ZS,Renewable electricity output (% of total),11.8495551161641
EGY,"Egypt, Arab Rep.",2019,EG.ELC.RNEW.ZS,Renewable electricity output (% of total),9.10978218986392
EGY,"Egypt, Arab Rep.",2018,EG.ELC.RNEW.ZS,Renewable electricity output (% of total),7.98323426459616
EGY,"Egypt, Arab Rep.",2017,EG.ELC.RNEW.ZS,Renewable electricity output (% of total),8.12286536681618
EGY,"Egypt, Arab Rep.",2016,EG.ELC.RNEW.ZS,Renewable electricity output (% of total),8.51020709824893
EGY,"Egypt, Arab Rep.",2015,EG.ELC.RNEW.ZS,Renewable electricity output (% of total),8.40123221374128
EGY,"Egypt, Arab Rep.",2014,EG.ELC.RNEW.ZS,Renewable electricity output (% of total),8.6535848453361
EGY,"Egypt, Arab Rep.",2013,EG.ELC.RNEW.ZS,Renewable electricity output (% of total),8.76609453550287
EGY,"Egypt, Arab Rep.",2012,EG.ELC.RNEW.ZS,Renewable electricity output (% of total),9.33021010270741
EGY,"Egypt, Arab Rep.",2023,EN.GHG.CO2.PC.CE.AR5,CO2 emissions excluding LULUCF per capita (t CO2e/capita),2.40830000255291
EGY,"Egypt, Arab Rep.",2022,EN.GHG.CO2.PC.CE.AR5,CO2 emissions excluding LULUCF per capita (t CO2e/capita),2.29974804261299
EGY,"Egypt, Arab Rep.",2021,EN.GHG.CO2.PC.CE.AR5,CO2 emissions excluding LULUCF per capita (t CO2e/capita),2.35795200966486
EGY,"Egypt, Arab Rep.",2020,EN.GHG.CO2.PC.CE.AR5,CO2 emissions excluding LULUCF per capita (t CO2e/capita),2.25205800434348
EGY,"Egypt, Arab Rep.",2019,EN.GHG.CO2.PC.CE.AR5,CO2 emissions excluding LULUCF per capita (t CO2e/capita),2.20383858928624
EGY,"Egypt, Arab Rep.",2018,EN.GHG.CO2.PC.CE.AR5,CO2 emissions excluding LULUCF per capita (t CO2e/capita),2.42443152195678
EGY,"Egypt, Arab Rep.",2017,EN.GHG.CO2.PC.CE.AR5,CO2 emissions excluding LULUCF per capita (t CO2e/capita),2.52378641552398
EGY,"Egypt, Arab Rep.",2016,EN.GHG.CO2.PC.CE.AR5,CO2 emissions excluding LULUCF per capita (t CO2e/capita),2.46076060182603
EGY,"Egypt, Arab Rep.",2015,EN.GHG.CO2.PC.CE.AR5,CO2 emissions excluding LULUCF per capita (t CO2e/capita),2.40381816615146
EGY,"Egypt, Arab Rep.",2014,EN.GHG.CO2.PC.CE.AR5,CO2 emissions excluding LULUCF per capita (t CO2e/capita),2.39012321445552
EGY,"Egypt, Arab Rep.",2013,EN.GHG.CO2.PC.CE.AR5,CO2 emissions excluding LULUCF per capita (t CO2e/capita),2.39951090462348
EGY,"Egypt, Arab Rep.",2012,EN.GHG.CO2.PC.CE.AR5,CO2 emissions excluding LULUCF per capita (t CO2e/capita),2.50058176167515
SAU,Saudi Arabia,2023,EG.ELC.ACCS.ZS,Access to electricity (% of population),100.0
SAU,Saudi Arabia,2022,EG.ELC.ACCS.ZS,Access to electricity (% of population),100.0
SAU,Saudi Arabia,2021,EG.ELC.ACCS.ZS,Access to electricity (% of population),100.0
SAU,Saudi Arabia,2020,EG.ELC.ACCS.ZS,Access to electricity (% of population),100.0
SAU,Saudi Arabia,2019,EG.ELC.ACCS.ZS,Access to electricity (% of population),100.0
SAU,Saudi Arabia,2018,EG.ELC.ACCS.ZS,Access to electricity (% of population),99.9
SAU,Saudi Arabia,2017,EG.ELC.ACCS.ZS,Access to electricity (% of population),100.0
SAU,Saudi Arabia,2016,EG.ELC.ACCS.ZS,Access to electricity (% of population),99.9
SAU,Saudi Arabia,2015,EG.ELC.ACCS.ZS,Access to electricity (% of population),100.0
SAU,Saudi Arabia,2014,EG.ELC.ACCS.ZS,Access to electricity (% of population),100.0
SAU,Saudi Arabia,2013,EG.ELC.ACCS.ZS,Access to electricity (% of population),100.0
SAU,Saudi Arabia,2012,EG.ELC.ACCS.ZS,Access to electricity (% of population),100.0
SAU,Saudi Arabia,2023,EG.ELC.RNEW.ZS,Renewable electricity output (% of total),
SAU,Saudi Arabia,2022,EG.ELC.RNEW.ZS,Renewable electricity output (% of total),
SAU,Saudi Arabia,2021,EG.ELC.RNEW.ZS,Renewable electricity output (% of total),0.0652981651937175
SAU,Saudi Arabia,2020,EG.ELC.RNEW.ZS,Renewable electricity output (% of total),0.06764821408208
SAU,Saudi Arabia,2019,EG.ELC.RNEW.ZS,Renewable electricity output (% of total),0.068837561920283
SAU,Saudi Arabia,2018,EG.ELC.RNEW.ZS,Renewable electricity output (% of total),0.0562251679456406
SAU,Saudi Arabia,2017,EG.ELC.RNEW.ZS,Renewable electricity output (% of total),0.0184114400771668
SAU,Saudi Arabia,2016,EG.ELC.RNEW.ZS,Renewable electricity output (% of total),0.0124340760896077
SAU,Saudi Arabia,2015,EG.ELC.RNEW.ZS,Renewable electricity output (% of total),0.0127345044562439
SAU,Saudi Arabia,2014,EG.ELC.RNEW.ZS,Renewable electricity output (% of total),0.0136095183571282
SAU,Saudi Arabia,2013,EG.ELC.RNEW.ZS,Renewable electricity output (% of total),0.0140168875778304
SAU,Saudi Arabia,2012,EG.ELC.RNEW.ZS,Renewable electricity output (% of total),0.0088617307333393
SAU,Saudi Arabia,2023,EN.GHG.CO2.PC.CE.AR5,CO2 emissions excluding LULUCF per capita (t CO2e/capita),18.8540744665469
SAU,Saudi Arabia,2022,EN.GHG.CO2.PC.CE.AR5,CO2 emissions excluding LULUCF per capita (t CO2e/capita),19.282874301046
SAU,Saudi Arabia,2021,EN.GHG.CO2.PC.CE.AR5,CO2 emissions excluding LULUCF per capita (t CO2e/capita),19.1759893319934
SAU,Saudi Arabia,2020,EN.GHG.CO2.PC.CE.AR5,CO2 emissions excluding LULUCF per capita (t CO2e/capita),18.2902881577409
SAU,Saudi Arabia,2019,EN.GHG.CO2.PC.CE.AR5,CO2 emissions excluding LULUCF per capita (t CO2e/capita),19.2859458646594
SAU,Saudi Arabia,2018,EN.GHG.CO2.PC.CE.AR5,CO2 emissions excluding LULUCF per capita (t CO2e/capita),19.2090840590601
SAU,Saudi Arabia,2017,EN.GHG.CO2.PC.CE.AR5,CO2 emissions excluding LULUCF per capita (t CO2e/capita),19.4764691820848
SAU,Saudi Arabia,2016,EN.GHG.CO2.PC.CE.AR5,CO2 emissions excluding LULUCF per capita (t CO2e/capita),19.6907023725829
SAU,Saudi Arabia,2015,EN.GHG.CO2.PC.CE.AR5,CO2 emissions excluding LULUCF per capita (t CO2e/capita),20.5071259148746
SAU,Saudi Arabia,2014,EN.GHG.CO2.PC.CE.AR5,CO2 emissions excluding LULUCF per capita (t CO2e/capita),20.6973806780556
SAU,Saudi Arabia,2013,EN.GHG.CO2.PC.CE.AR5,CO2 emissions excluding LULUCF per capita (t CO2e/capita),19.8087286694572
SAU,Saudi Arabia,2012,EN.GHG.CO2.PC.CE.AR5,CO2 emissions excluding LULUCF per capita (t CO2e/capita),20.6100945700312
ARE,United Arab Emirates,2023,EG.ELC.ACCS.ZS,Access to electricity (% of population),100.0
ARE,United Arab Emirates,2022,EG.ELC.ACCS.ZS,Access to electricity (% of population),100.0
ARE,United Arab Emirates,2021,EG.ELC.ACCS.ZS,Access to electricity (% of population),100.0
ARE,United Arab Emirates,2020,EG.ELC.ACCS.ZS,Access to electricity (% of population),100.0
ARE,United Arab Emirates,2019,EG.ELC.ACCS.ZS,Access to electricity (% of population),100.0
ARE,United Arab Emirates,2018,EG.ELC.ACCS.ZS,Access to electricity (% of population),100.0
ARE,United Arab Emirates,2017,EG.ELC.ACCS.ZS,Access to electricity (% of population),100.0
ARE,United Arab Emirates,2016,EG.ELC.ACCS.ZS,Access to electricity (% of population),100.0
ARE,United Arab Emirates,2015,EG.ELC.ACCS.ZS,Access to electricity (% of population),100.0
ARE,United Arab Emirates,2014,EG.ELC.ACCS.ZS,Access to electricity (% of population),100.0
ARE,United Arab Emirates,2013,EG.ELC.ACCS.ZS,Access to electricity (% of population),100.0
ARE,United Arab Emirates,2012,EG.ELC.ACCS.ZS,Access to electricity (% of population),100.0
ARE,United Arab Emirates,2023,EG.ELC.RNEW.ZS,Renewable electricity output (% of total),
ARE,United Arab Emirates,2022,EG.ELC.RNEW.ZS,Renewable electricity output (% of total),
ARE,United Arab Emirates,2021,EG.ELC.RNEW.ZS,Renewable electricity output (% of total),4.20134583903604
ARE,United Arab Emirates,2020,EG.ELC.RNEW.ZS,Renewable electricity output (% of total),3.78319860170417
ARE,United Arab Emirates,2019,EG.ELC.RNEW.ZS,Renewable electricity output (% of total),2.64586794169905
ARE,United Arab Emirates,2018,EG.ELC.RNEW.ZS,Renewable electricity output (% of total),0.885151528519123
ARE,United Arab Emirates,2017,EG.ELC.RNEW.ZS,Renewable electricity output (% of total),0.557695737471018
ARE,United Arab Emirates,2016,EG.ELC.RNEW.ZS,Renewable electricity output (% of total),0.248154120342867
ARE,United Arab Emirates,2015,EG.ELC.RNEW.ZS,Renewable electricity output (% of total),0.240204736895818
ARE,United Arab Emirates,2014,EG.ELC.RNEW.ZS,Renewable electricity output (% of total),0.263563430434596
ARE,United Arab Emirates,2013,EG.ELC.RNEW.ZS,Renewable electricity output (% of total),0.0783671985090231
ARE,United Arab Emirates,2012,EG.ELC.RNEW.ZS,Renewable electricity output (% of total),0.0223400048954077
ARE,United Arab Emirates,2023,EN.GHG.CO2.PC.CE.AR5,CO2 emissions excluding LULUCF per capita (t CO2e/capita),18.3804823292732
ARE,United Arab Emirates,2022,EN.GHG.CO2.PC.CE.AR5,CO2 emissions excluding LULUCF per capita (t CO2e/capita),19.3731459635094
ARE,United Arab Emirates,2021,EN.GHG.CO2.PC.CE.AR5,CO2 emissions excluding LULUCF per capita (t CO2e/capita),20.8269278649571
ARE,United Arab Emirates,2020,EN.GHG.CO2.PC.CE.AR5,CO2 emissions excluding LULUCF per capita (t CO2e/capita),20.8141058466097
ARE,United Arab Emirates,2019,EN.GHG.CO2.PC.CE.AR5,CO2 emissions excluding LULUCF per capita (t CO2e/capita),20.945786930361
ARE,United Arab Emirates,2018,EN.GHG.CO2.PC.CE.AR5,CO2 emissions excluding LULUCF per capita (t CO2e/capita),20.0375833141554
ARE,United Arab Emirates,2017,EN.GHG.CO2.PC.CE.AR5,CO2 emissions excluding LULUCF per capita (t CO2e/capita),22.1639068763908
ARE,United Arab Emirates,2016,EN.GHG.CO2.PC.CE.AR5,CO2 emissions excluding LULUCF per capita (t CO2e/capita),23.7748451471417
ARE,United Arab Emirates,2015,EN.GHG.CO2.PC.CE.AR5,CO2 emissions excluding LULUCF per capita (t CO2e/capita),24.3205333372838
ARE,United Arab Emirates,2014,EN.GHG.CO2.PC.CE.AR5,CO2 emissions excluding LULUCF per capita (t CO2e/capita),24.5815838321273
ARE,United Arab Emirates,2013,EN.GHG.CO2.PC.CE.AR5,CO2 emissions excluding LULUCF per capita (t CO2e/capita),25.3545579109196
ARE,United Arab Emirates,2012,EN.GHG.CO2.PC.CE.AR5,CO2 emissions excluding LULUCF per capita (t CO2e/capita),25.0303188225095
JPN,Japan,2023,EG.ELC.ACCS.ZS,Access to electricity (% of population),100.0
JPN,Japan,2022,EG.ELC.ACCS.ZS,Access to electricity (% of population),100.0
JPN,Japan,2021,EG.ELC.ACCS.ZS,Access to electricity (% of population),100.0
JPN,Japan,2020,EG.ELC.ACCS.ZS,Access to electricity (% of population),100.0
JPN,Japan,2019,EG.ELC.ACCS.ZS,Access to electricity (% of population),100.0
JPN,Japan,2018,EG.ELC.ACCS.ZS,Access to electricity (% of population),100.0
JPN,Japan,2017,EG.ELC.ACCS.ZS,Access to electricity (% of population),100.0
JPN,Japan,2016,EG.ELC.ACCS.ZS,Access to electricity (% of population),100.0
JPN,Japan,2015,EG.ELC.ACCS.ZS,Access to electricity (% of population),100.0
JPN,Japan,2014,EG.ELC.ACCS.ZS,Access to electricity (% of population),100.0
JPN,Japan,2013,EG.ELC.ACCS.ZS,Access to electricity (% of population),100.0
JPN,Japan,2012,EG.ELC.ACCS.ZS,Access to electricity (% of population),100.0
JPN,Japan,2023,EG.ELC.RNEW.ZS,Renewable electricity output (% of total),
JPN,Japan,2022,EG.ELC.RNEW.ZS,Renewable electricity output (% of total),
JPN,Japan,2021,EG.ELC.RNEW.ZS,Renewable electricity output (% of total),21.1036678422205
JPN,Japan,2020,EG.ELC.RNEW.ZS,Renewable electricity output (% of total),20.2923691935508
JPN,Japan,2019,EG.ELC.RNEW.ZS,Renewable electricity output (% of total),18.5788056220746
JPN,Japan,2018,EG.ELC.RNEW.ZS,Renewable electricity output (% of total),17.0616438035159
JPN,Japan,2017,EG.ELC.RNEW.ZS,Renewable electricity output (% of total),16.1973831664999
JPN,Japan,2016,EG.ELC.RNEW.ZS,Renewable electricity output (% of total),14.6993686700037
JPN,Japan,2015,EG.ELC.RNEW.ZS,Renewable electricity output (% of total),14.178795710626
JPN,Japan,2014,EG.ELC.RNEW.ZS,Renewable electricity output (% of total),12.3603682310134
JPN,Japan,2013,EG.ELC.RNEW.ZS,Renewable electricity output (% of total),10.8588465871834
JPN,Japan,2012,EG.ELC.RNEW.ZS,Renewable electricity output (% of total),10.0761044938698
JPN,Japan,2023,EN.GHG.CO2.PC.CE.AR5,CO2 emissions excluding LULUCF per capita (t CO2e/capita),8.05063579850566
JPN,Japan,2022,EN.GHG.CO2.PC.CE.AR5,CO2 emissions excluding LULUCF per capita (t CO2e/capita),8.3956307081074
JPN,Japan,2021,EN.GHG.CO2.PC.CE.AR5,CO2 emissions excluding LULUCF per capita (t CO2e/capita),8.5947828493867
JPN,Japan,2020,EN.GHG.CO2.PC.CE.AR5,CO2 emissions excluding LULUCF per capita (t CO2e/capita),8.39710520271501
JPN,Japan,2019,EN.GHG.CO2.PC.CE.AR5,CO2 emissions excluding LULUCF per capita (t CO2e/capita),8.87456666113888
JPN,Japan,2018,EN.GHG.CO2.PC.CE.AR5,CO2 emissions excluding LULUCF per capita (t CO2e/capita),9.17213648658239
JPN,Japan,2017,EN.GHG.CO2.PC.CE.AR5,CO2 emissions excluding LULUCF per capita (t CO2e/capita),9.55283290804272
JPN,Japan,2016,EN.GHG.CO2.PC.CE.AR5,CO2 emissions excluding LULUCF per capita (t CO2e/capita),9.66865261733136
JPN,Japan,2015,EN.GHG.CO2.PC.CE.AR5,CO2 emissions excluding LULUCF per capita (t CO2e/capita),9.69456115651128
JPN,Japan,2014,EN.GHG.CO2.PC.CE.AR5,CO2 emissions excluding LULUCF per capita (t CO2e/capita),10.0063625506773
JPN,Japan,2013,EN.GHG.CO2.PC.CE.AR5,CO2 emissions excluding LULUCF per capita (t CO2e/capita),10.3847926556554
JPN,Japan,2012,EN.GHG.CO2.PC.CE.AR5,CO2 emissions excluding LULUCF per capita (t CO2e/capita),10.2516011251361
KOR,"Korea, Rep.",2023,EG.ELC.ACCS.ZS,Access to electricity (% of population),100.0
KOR,"Korea, Rep.",2022,EG.ELC.ACCS.ZS,Access to electricity (% of population),100.0
KOR,"Korea, Rep.",2021,EG.ELC.ACCS.ZS,Access to electricity (% of population),100.0
KOR,"Korea, Rep.",2020,EG.ELC.ACCS.ZS,Access to electricity (% of population),100.0
KOR,"Korea, Rep.",2019,EG.ELC.ACCS.ZS,Access to electricity (% of population),100.0
KOR,"Korea, Rep.",2018,EG.ELC.ACCS.ZS,Access to electricity (% of population),100.0
KOR,"Korea, Rep.",2017,EG.ELC.ACCS.ZS,Access to electricity (% of population),100.0
KOR,"Korea, Rep.",2016,EG.ELC.ACCS.ZS,Access to electricity (% of population),100.0
KOR,"Korea, Rep.",2015,EG.ELC.ACCS.ZS,Access to electricity (% of population),100.0
KOR,"Korea, Rep.",2014,EG.ELC.ACCS.ZS,Access to electricity (% of population),100.0
KOR,"Korea, Rep.",2013,EG.ELC.ACCS.ZS,Access to electricity (% of population),100.0
KOR,"Korea, Rep.",2012,EG.ELC.ACCS.ZS,Access to electricity (% of population),100.0
KOR,"Korea, Rep.",2023,EG.ELC.RNEW.ZS,Renewable electricity output (% of total),
KOR,"Korea, Rep.",2022,EG.ELC.RNEW.ZS,Renewable electricity output (% of total),
KOR,"Korea, Rep.",2021,EG.ELC.RNEW.ZS,Renewable electricity output (% of total),6.58834768589831
KOR,"Korea, Rep.",2020,EG.ELC.RNEW.ZS,Renewable electricity output (% of total),6.23004780952926
KOR,"Korea, Rep.",2019,EG.ELC.RNEW.ZS,Renewable electricity output (% of total),5.27146426906108
KOR,"Korea, Rep.",2018,EG.ELC.RNEW.ZS,Renewable electricity output (% of total),4.53797018684571
KOR,"Korea, Rep.",2017,EG.ELC.RNEW.ZS,Renewable electricity output (% of total),3.97507067547113
KOR,"Korea, Rep.",2016,EG.ELC.RNEW.ZS,Renewable electricity output (% of total),3.51815763012004
KOR,"Korea, Rep.",2015,EG.ELC.RNEW.ZS,Renewable electricity output (% of total),2.59846041402281
KOR,"Korea, Rep.",2014,EG.ELC.RNEW.ZS,Renewable electricity output (% of total),2.52440823467489
KOR,"Korea, Rep.",2013,EG.ELC.RNEW.ZS,Renewable electricity output (% of total),2.39361038266386
KOR,"Korea, Rep.",2012,EG.ELC.RNEW.ZS,Renewable electricity output (% of total),2.09989950649846
KOR,"Korea, Rep.",2023,EN.GHG.CO2.PC.CE.AR5,CO2 emissions excluding LULUCF per capita (t CO2e/capita),11.4162657281001
KOR,"Korea, Rep.",2022,EN.GHG.CO2.PC.CE.AR5,CO2 emissions excluding LULUCF per capita (t CO2e/capita),11.8737409785064
KOR,"Korea, Rep.",2021,EN.GHG.CO2.PC.CE.AR5,CO2 emissions excluding LULUCF per capita (t CO2e/capita),12.3387268331673
KOR,"Korea, Rep.",2020,EN.GHG.CO2.PC.CE.AR5,CO2 emissions excluding LULUCF per capita (t CO2e/capita),11.9094442789339
KOR,"Korea, Rep.",2019,EN.GHG.CO2.PC.CE.AR5,CO2 emissions excluding LULUCF per capita (t CO2e/capita),12.6531894575046
KOR,"Korea, Rep.",2018,EN.GHG.CO2.PC.CE.AR5,CO2 emissions excluding LULUCF per capita (t CO2e/capita),13.1917269531809
KOR,"Korea, Rep.",2017,EN.GHG.CO2.PC.CE.AR5,CO2 emissions excluding LULUCF per capita (t CO2e/capita),12.952944838832
KOR,"Korea, Rep.",2016,EN.GHG.CO2.PC.CE.AR5,CO2 emissions excluding LULUCF per capita (t CO2e/capita),12.6677788190173
KOR,"Korea, Rep.",2015,EN.GHG.CO2.PC.CE.AR5,CO2 emissions excluding LULUCF per capita (t CO2e/capita),12.6198190502874
KOR,"Korea, Rep.",2014,EN.GHG.CO2.PC.CE.AR5,CO2 emissions excluding LULUCF per capita (t CO2e/capita),12.4261677995393
KOR,"Korea, Rep.",2013,EN.GHG.CO2.PC.CE.AR5,CO2 emissions excluding LULUCF per capita (t CO2e/capita),12.7317329769662
KOR,"Korea, Rep.",2012,EN.GHG.CO2.PC.CE.AR5,CO2 emissions excluding LULUCF per capita (t CO2e/capita),12.8528563619499
AUS,Australia,2023,EG.ELC.ACCS.ZS,Access to electricity (% of population),100.0
AUS,Australia,2022,EG.ELC.ACCS.ZS,Access to electricity (% of population),100.0
AUS,Australia,2021,EG.ELC.ACCS.ZS,Access to electricity (% of population),100.0
AUS,Australia,2020,EG.ELC.ACCS.ZS,Access to electricity (% of population),100.0
AUS,Australia,2019,EG.ELC.ACCS.ZS,Access to electricity (% of population),100.0
AUS,Australia,2018,EG.ELC.ACCS.ZS,Access to electricity (% of population),100.0
AUS,Australia,2017,EG.ELC.ACCS.ZS,Access to electricity (% of population),100.0
AUS,Australia,2016,EG.ELC.ACCS.ZS,Access to electricity (% of population),100.0
AUS,Australia,2015,EG.ELC.ACCS.ZS,Access to electricity (% of population),100.0
AUS,Australia,2014,EG.ELC.ACCS.ZS,Access to electricity (% of population),100.0
AUS,Australia,2013,EG.ELC.ACCS.ZS,Access to electricity (% of population),100.0
AUS,Australia,2012,EG.ELC.ACCS.ZS,Access to electricity (% of population),100.0
AUS,Australia,2023,EG.ELC.RNEW.ZS,Renewable electricity output (% of total),
AUS,Australia,2022,EG.ELC.RNEW.ZS,Renewable electricity output (% of total),
AUS,Australia,2021,EG.ELC.RNEW.ZS,Renewable electricity output (% of total),26.6608674695166
AUS,Australia,2020,EG.ELC.RNEW.ZS,Renewable electricity output (% of total),22.6002911252065
AUS,Australia,2019,EG.ELC.RNEW.ZS,Renewable electricity output (% of total),19.7037412982055
AUS,Australia,2018,EG.ELC.RNEW.ZS,Renewable electricity output (% of total),17.0970979406717
AUS,Australia,2017,EG.ELC.RNEW.ZS,Renewable electricity output (% of total),15.6784702494681
AUS,Australia,2016,EG.ELC.RNEW.ZS,Renewable electricity output (% of total),14.5835767304562
AUS,Australia,2015,EG.ELC.RNEW.ZS,Renewable electricity output (% of total),13.3253353778438
AUS,Australia,2014,EG.ELC.RNEW.ZS,Renewable electricity output (% of total),14.6168601716305
AUS,Australia,2013,EG.ELC.RNEW.ZS,Renewable electricity output (% of total),13.1701197247173
AUS,Australia,2012,EG.ELC.RNEW.ZS,Renewable electricity output (% of total),10.5266932270916
AUS,Australia,2023,EN.GHG.CO2.PC.CE.AR5,CO2 emissions excluding LULUCF per capita (t CO2e/capita),14.1596700845561
AUS,Australia,2022,EN.GHG.CO2.PC.CE.AR5,CO2 emissions excluding LULUCF per capita (t CO2e/capita),14.530502863688
AUS,Australia,2021,EN.GHG.CO2.PC.CE.AR5,CO2 emissions excluding LULUCF per capita (t CO2e/capita),14.9787241100123
AUS,Australia,2020,EN.GHG.CO2.PC.CE.AR5,CO2 emissions excluding LULUCF per capita (t CO2e/capita),15.3043785143331
AUS,Australia,2019,EN.GHG.CO2.PC.CE.AR5,CO2 emissions excluding LULUCF per capita (t CO2e/capita),16.1007065925773
AUS,Australia,2018,EN.GHG.CO2.PC.CE.AR5,CO2 emissions excluding LULUCF per capita (t CO2e/capita),16.3939979308791
AUS,Australia,2017,EN.GHG.CO2.PC.CE.AR5,CO2 emissions excluding LULUCF per capita (t CO2e/capita),16.7209445382487
AUS,Australia,2016,EN.GHG.CO2.PC.CE.AR5,CO2 emissions excluding LULUCF per capita (t CO2e/capita),16.8911897350521
AUS,Australia,2015,EN.GHG.CO2.PC.CE.AR5,CO2 emissions excluding LULUCF per capita (t CO2e/capita),16.8219551608068
AUS,Australia,2014,EN.GHG.CO2.PC.CE.AR5,CO2 emissions excluding LULUCF per capita (t CO2e/capita),16.8873574131124
AUS,Australia,2013,EN.GHG.CO2.PC.CE.AR5,CO2 emissions excluding LULUCF per capita (t CO2e/capita),17.5432435542019
AUS,Australia,2012,EN.GHG.CO2.PC.CE.AR5,CO2 emissions excluding LULUCF per capita (t CO2e/capita),18.1834489375025
MEX,Mexico,2023,EG.ELC.ACCS.ZS,Access to electricity (% of population),99.7
MEX,Mexico,2022,EG.ELC.ACCS.ZS,Access to electricity (% of population),100.0
MEX,Mexico,2021,EG.ELC.ACCS.ZS,Access to electricity (% of population),100.0
MEX,Mexico,2020,EG.ELC.ACCS.ZS,Access to electricity (% of population),99.4
MEX,Mexico,2019,EG.ELC.ACCS.ZS,Access to electricity (% of population),99.6
MEX,Mexico,2018,EG.ELC.ACCS.ZS,Access to electricity (% of population),99.5
MEX,Mexico,2017,EG.ELC.ACCS.ZS,Access to electricity (% of population),100.0
MEX,Mexico,2016,EG.ELC.ACCS.ZS,Access to electricity (% of population),99.5
MEX,Mexico,2015,EG.ELC.ACCS.ZS,Access to electricity (% of population),99.0
MEX,Mexico,2014,EG.ELC.ACCS.ZS,Access to electricity (% of population),99.2
MEX,Mexico,2013,EG.ELC.ACCS.ZS,Access to electricity (% of population),99.1
MEX,Mexico,2012,EG.ELC.ACCS.ZS,Access to electricity (% of population),99.1
MEX,Mexico,2023,EG.ELC.RNEW.ZS,Renewable electricity output (% of total),
MEX,Mexico,2022,EG.ELC.RNEW.ZS,Renewable electricity output (% of total),
MEX,Mexico,2021,EG.ELC.RNEW.ZS,Renewable electricity output (% of total),23.3762297959545
MEX,Mexico,2020,EG.ELC.RNEW.ZS,Renewable electricity output (% of total),20.7528854217573
MEX,Mexico,2019,EG.ELC.RNEW.ZS,Renewable electricity output (% of total),16.8771361269016
MEX,Mexico,2018,EG.ELC.RNEW.ZS,Renewable electricity output (% of total),15.907939491332
MEX,Mexico,2017,EG.ELC.RNEW.ZS,Renewable electricity output (% of total),15.9609952530472
MEX,Mexico,2016,EG.ELC.RNEW.ZS,Renewable electricity output (% of total),15.2957004707103
MEX,Mexico,2015,EG.ELC.RNEW.ZS,Renewable electricity output (% of total),15.2646075424702
MEX,Mexico,2014,EG.ELC.RNEW.ZS,Renewable electricity output (% of total),17.5321613957114
MEX,Mexico,2013,EG.ELC.RNEW.ZS,Renewable electricity output (% of total),13.2974152863029
MEX,Mexico,2012,EG.ELC.RNEW.ZS,Renewable electricity output (% of total),13.7854387797947
MEX,Mexico,2023,EN.GHG.CO2.PC.CE.AR5,CO2 emissions excluding LULUCF per capita (t CO2e/capita),3.66576524934041
MEX,Mexico,2022,EN.GHG.CO2.PC.CE.AR5,CO2 emissions excluding LULUCF per capita (t CO2e/capita),3.52183828963573
MEX,Mexico,2021,EN.GHG.CO2.PC.CE.AR5,CO2 emissions excluding LULUCF per capita (t CO2e/capita),3.54662489893704
MEX,Mexico,2020,EN.GHG.CO2.PC.CE.AR5,CO2 emissions excluding LULUCF per capita (t CO2e/capita),3.46247141559905
MEX,Mexico,2019,EN.GHG.CO2.PC.CE.AR5,CO2 emissions excluding LULUCF per capita (t CO2e/capita),3.92542377851696
MEX,Mexico,2018,EN.GHG.CO2.PC.CE.AR5,CO2 emissions excluding LULUCF per capita (t CO2e/capita),3.83831705872518
MEX,Mexico,2017,EN.GHG.CO2.PC.CE.AR5,CO2 emissions excluding LULUCF per capita (t CO2e/capita),4.05743329599921
MEX,Mexico,2016,EN.GHG.CO2.PC.CE.AR5,CO2 emissions excluding LULUCF per capita (t CO2e/capita),4.06104469144067
MEX,Mexico,2015,EN.GHG.CO2.PC.CE.AR5,CO2 emissions excluding LULUCF per capita (t CO2e/capita),4.05069677949307
MEX,Mexico,2014,EN.GHG.CO2.PC.CE.AR5,CO2 emissions excluding LULUCF per capita (t CO2e/capita),4.01481960973153
MEX,Mexico,2013,EN.GHG.CO2.PC.CE.AR5,CO2 emissions excluding LULUCF per capita (t CO2e/capita),4.17443117084187
MEX,Mexico,2012,EN.GHG.CO2.PC.CE.AR5,CO2 emissions excluding LULUCF per capita (t CO2e/capita),4.33350424276325
RUS,Russian Federation,2023,EG.ELC.ACCS.ZS,Access to electricity (% of population),100.0
RUS,Russian Federation,2022,EG.ELC.ACCS.ZS,Access to electricity (% of population),100.0
RUS,Russian Federation,2021,EG.ELC.ACCS.ZS,Access to electricity (% of population),100.0
RUS,Russian Federation,2020,EG.ELC.ACCS.ZS,Access to electricity (% of population),99.9
RUS,Russian Federation,2019,EG.ELC.ACCS.ZS,Access to electricity (% of population),99.8
RUS,Russian Federation,2018,EG.ELC.ACCS.ZS,Access to electricity (% of population),100.0
RUS,Russian Federation,2017,EG.ELC.ACCS.ZS,Access to electricity (% of population),100.0
RUS,Russian Federation,2016,EG.ELC.ACCS.ZS,Access to electricity (% of population),99.4
RUS,Russian Federation,2015,EG.ELC.ACCS.ZS,Access to electricity (% of population),95.5
RUS,Russian Federation,2014,EG.ELC.ACCS.ZS,Access to electricity (% of population),100.0
RUS,Russian Federation,2013,EG.ELC.ACCS.ZS,Access to electricity (% of population),100.0
RUS,Russian Federation,2012,EG.ELC.ACCS.ZS,Access to electricity (% of population),100.0
RUS,Russian Federation,2023,EG.ELC.RNEW.ZS,Renewable electricity output (% of total),
RUS,Russian Federation,2022,EG.ELC.RNEW.ZS,Renewable electricity output (% of total),
RUS,Russian Federation,2021,EG.ELC.RNEW.ZS,Renewable electricity output (% of total),19.1544751840582
RUS,Russian Federation,2020,EG.ELC.RNEW.ZS,Renewable electricity output (% of total),20.0765885357637
RUS,Russian Federation,2019,EG.ELC.RNEW.ZS,Renewable electricity output (% of total),17.7904389866357
RUS,Russian Federation,2018,EG.ELC.RNEW.ZS,Renewable electricity output (% of total),17.5128908530499
RUS,Russian Federation,2017,EG.ELC.RNEW.ZS,Renewable electricity output (% of total),17.2774388460807
RUS,Russian Federation,2016,EG.ELC.RNEW.ZS,Renewable electricity output (% of total),17.267672068878
RUS,Russian Federation,2015,EG.ELC.RNEW.ZS,Renewable electricity output (% of total),16.0860086328994
RUS,Russian Federation,2014,EG.ELC.RNEW.ZS,Renewable electricity output (% of total),16.8125392898186
RUS,Russian Federation,2013,EG.ELC.RNEW.ZS,Renewable electricity output (% of total),17.4044757207117
RUS,Russian Federation,2012,EG.ELC.RNEW.ZS,Renewable electricity output (% of total),15.7505281423771
RUS,Russian Federation,2023,EN.GHG.CO2.PC.CE.AR5,CO2 emissions excluding LULUCF per capita (t CO2e/capita),13.5462339145189
RUS,Russian Federation,2022,EN.GHG.CO2.PC.CE.AR5,CO2 emissions excluding LULUCF per capita (t CO2e/capita),13.1413838368291
RUS,Russian Federation,2021,EN.GHG.CO2.PC.CE.AR5,CO2 emissions excluding LULUCF per capita (t CO2e/capita),13.3920757412176
RUS,Russian Federation,2020,EN.GHG.CO2.PC.CE.AR5,CO2 emissions excluding LULUCF per capita (t CO2e/capita),12.2840530273686
RUS,Russian Federation,2019,EN.GHG.CO2.PC.CE.AR5,CO2 emissions excluding LULUCF per capita (t CO2e/capita),12.7738739166789
RUS,Russian Federation,2018,EN.GHG.CO2.PC.CE.AR5,CO2 emissions excluding LULUCF per capita (t CO2e/capita),12.5939247104085
RUS,Russian Federation,2017,EN.GHG.CO2.PC.CE.AR5,CO2 emissions excluding LULUCF per capita (t CO2e/capita),12.1357322425004
RUS,Russian Federation,2016,EN.GHG.CO2.PC.CE.AR5,CO2 emissions excluding LULUCF per capita (t CO2e/capita),11.961746699283
RUS,Russian Federation,2015,EN.GHG.CO2.PC.CE.AR5,CO2 emissions excluding LULUCF per capita (t CO2e/capita),12.1481277789029
RUS,Russian Federation,2014,EN.GHG.CO2.PC.CE.AR5,CO2 emissions excluding LULUCF per capita (t CO2e/capita),12.1341694161707
RUS,Russian Federation,2013,EN.GHG.CO2.PC.CE.AR5,CO2 emissions excluding LULUCF per capita (t CO2e/capita),12.2682756012668
RUS,Russian Federation,2012,EN.GHG.CO2.PC.CE.AR5,CO2 emissions excluding LULUCF per capita (t CO2e/capita),12.6922981666833
IDN,Indonesia,2023,EG.ELC.ACCS.ZS,Access to electricity (% of population),99.4
IDN,Indonesia,2022,EG.ELC.ACCS.ZS,Access to electricity (% of population),100.0
IDN,Indonesia,2021,EG.ELC.ACCS.ZS,Access to electricity (% of population),99.2
IDN,Indonesia,2020,EG.ELC.ACCS.ZS,Access to electricity (% of population),97.0
IDN,Indonesia,2019,EG.ELC.ACCS.ZS,Access to electricity (% of population),98.8
IDN,Indonesia,2018,EG.ELC.ACCS.ZS,Access to electricity (% of population),98.5
IDN,Indonesia,2017,EG.ELC.ACCS.ZS,Access to electricity (% of population),98.1
IDN,Indonesia,2016,EG.ELC.ACCS.ZS,Access to electricity (% of population),97.6
IDN,Indonesia,2015,EG.ELC.ACCS.ZS,Access to electricity (% of population),97.5
IDN,Indonesia,2014,EG.ELC.ACCS.ZS,Access to electricity (% of population),97.0
IDN,Indonesia,2013,EG.ELC.ACCS.ZS,Access to electricity (% of population),96.5
IDN,Indonesia,2012,EG.ELC.ACCS.ZS,Access to electricity (% of population),96.0
IDN,Indonesia,2023,EG.ELC.RNEW.ZS,Renewable electricity output (% of total),
IDN,Indonesia,2022,EG.ELC.RNEW.ZS,Renewable electricity output (% of total),
IDN,Indonesia,2021,EG.ELC.RNEW.ZS,Renewable electricity output (% of total),15.5300398228856
IDN,Indonesia,2020,EG.ELC.RNEW.ZS,Renewable electricity output (% of total),15.8206622268759
IDN,Indonesia,2019,EG.ELC.RNEW.ZS,Renewable electricity output (% of total),14.5841228957778
IDN,Indonesia,2018,EG.ELC.RNEW.ZS,Renewable electricity output (% of total),15.5999106611078
IDN,Indonesia,2017,EG.ELC.RNEW.ZS,Renewable electricity output (% of total),15.7714127577141
IDN,Indonesia,2016,EG.ELC.RNEW.ZS,Renewable electricity output (% of total),15.1437457097094
IDN,Indonesia,2015,EG.ELC.RNEW.ZS,Renewable electricity output (% of total),13.6593504639543
IDN,Indonesia,2014,EG.ELC.RNEW.ZS,Renewable electricity output (% of total),14.5086391000202
IDN,Indonesia,2013,EG.ELC.RNEW.ZS,Renewable electricity output (% of total),15.912612809934
IDN,Indonesia,2012,EG.ELC.RNEW.ZS,Renewable electricity output (% of total),15.0475301495417
IDN,Indonesia,2023,EN.GHG.CO2.PC.CE.AR5,CO2 emissions excluding LULUCF per capita (t CO2e/capita),2.74747187282401
IDN,Indonesia,2022,EN.GHG.CO2.PC.CE.AR5,CO2 emissions excluding LULUCF per capita (t CO2e/capita),2.5918955237502
IDN,Indonesia,2021,EN.GHG.CO2.PC.CE.AR5,CO2 emissions excluding LULUCF per capita (t CO2e/capita),2.24993200107532
IDN,Indonesia,2020,EN.GHG.CO2.PC.CE.AR5,CO2 emissions excluding LULUCF per capita (t CO2e/capita),2.16976580881181
IDN,Indonesia,2019,EN.GHG.CO2.PC.CE.AR5,CO2 emissions excluding LULUCF per capita (t CO2e/capita),2.33979466524606
IDN,Indonesia,2018,EN.GHG.CO2.PC.CE.AR5,CO2 emissions excluding LULUCF per capita (t CO2e/capita),2.20953925241911
IDN,Indonesia,2017,EN.GHG.CO2.PC.CE.AR5,CO2 emissions excluding LULUCF per capita (t CO2e/capita),2.00394276108737
IDN,Indonesia,2016,EN.GHG.CO2.PC.CE.AR5,CO2 emissions excluding LULUCF per capita (t CO2e/capita),1.91626591013332
IDN,Indonesia,2015,EN.GHG.CO2.PC.CE.AR5,CO2 emissions excluding LULUCF per capita (t CO2e/capita),1.95721455259026
IDN,Indonesia,2014,EN.GHG.CO2.PC.CE.AR5,CO2 emissions excluding LULUCF per capita (t CO2e/capita),1.95102470107868
IDN,Indonesia,2013,EN.GHG.CO2.PC.CE.AR5,CO2 emissions excluding LULUCF per capita (t CO2e/capita),1.85640226795234
IDN,Indonesia,2012,EN.GHG.CO2.PC.CE.AR5,CO2 emissions excluding LULUCF per capita (t CO2e/capita),1.9954892890649
KEN,Kenya,2023,EG.ELC.ACCS.ZS,Access to electricity (% of population),76.2
KEN,Kenya,2022,EG.ELC.ACCS.ZS,Access to electricity (% of population),76.0
KEN,Kenya,2021,EG.ELC.ACCS.ZS,Access to electricity (% of population),76.5
KEN,Kenya,2020,EG.ELC.ACCS.ZS,Access to electricity (% of population),71.5
KEN,Kenya,2019,EG.ELC.ACCS.ZS,Access to electricity (% of population),69.7
KEN,Kenya,2018,EG.ELC.ACCS.ZS,Access to electricity (% of population),61.2
KEN,Kenya,2017,EG.ELC.ACCS.ZS,Access to electricity (% of population),55.8
KEN,Kenya,2016,EG.ELC.ACCS.ZS,Access to electricity (% of population),53.1
KEN,Kenya,2015,EG.ELC.ACCS.ZS,Access to electricity (% of population),41.6
KEN,Kenya,2014,EG.ELC.ACCS.ZS,Access to electricity (% of population),36.0
KEN,Kenya,2013,EG.ELC.ACCS.ZS,Access to electricity (% of population),40.1
KEN,Kenya,2012,EG.ELC.ACCS.ZS,Access to electricity (% of population),38.1
KEN,Kenya,2023,EG.ELC.RNEW.ZS,Renewable electricity output (% of total),
KEN,Kenya,2022,EG.ELC.RNEW.ZS,Renewable electricity output (% of total),
KEN,Kenya,2021,EG.ELC.RNEW.ZS,Renewable electricity output (% of total),78.0821751777634
KEN,Kenya,2020,EG.ELC.RNEW.ZS,Renewable electricity output (% of total),83.1580658964484
KEN,Kenya,2019,EG.ELC.RNEW.ZS,Renewable electricity output (% of total),81.5853236413984
KEN,Kenya,2018,EG.ELC.RNEW.ZS,Renewable electricity output (% of total),79.3964402727353
KEN,Kenya,2017,EG.ELC.RNEW.ZS,Renewable electricity output (% of total),81.4669820428654
KEN,Kenya,2016,EG.ELC.RNEW.ZS,Renewable electricity output (% of total),83.5605809533093
KEN,Kenya,2015,EG.ELC.RNEW.ZS,Renewable electricity output (% of total),85.6406490705556
KEN,Kenya,2014,EG.ELC.RNEW.ZS,Renewable electricity output (% of total),77.1617567126862
KEN,Kenya,2013,EG.ELC.RNEW.ZS,Renewable electricity output (% of total),73.4667900948855
KEN,Kenya,2012,EG.ELC.RNEW.ZS,Renewable electricity output (% of total),72.6234173248088
KEN,Kenya,2023,EN.GHG.CO2.PC.CE.AR5,CO2 emissions excluding LULUCF per capita (t CO2e/capita),0.3843202596187
KEN,Kenya,2022,EN.GHG.CO2.PC.CE.AR5,CO2 emissions excluding LULUCF per capita (t CO2e/capita),0.405006512054817
KEN,Kenya,2021,EN.GHG.CO2.PC.CE.AR5,CO2 emissions excluding LULUCF per capita (t CO2e/capita),0.404281044163676
KEN,Kenya,2020,EN.GHG.CO2.PC.CE.AR5,CO2 emissions excluding LULUCF per capita (t CO2e/capita),0.367016056392308
KEN,Kenya,2019,EN.GHG.CO2.PC.CE.AR5,CO2 emissions excluding LULUCF per capita (t CO2e/capita),0.380387200105182
KEN,Kenya,2018,EN.GHG.CO2.PC.CE.AR5,CO2 emissions excluding LULUCF per capita (t CO2e/capita),0.381159185292234
KEN,Kenya,2017,EN.GHG.CO2.PC.CE.AR5,CO2 emissions excluding LULUCF per capita (t CO2e/capita),0.391204755110222
KEN,Kenya,2016,EN.GHG.CO2.PC.CE.AR5,CO2 emissions excluding LULUCF per capita (t CO2e/capita),0.384366853070731
KEN,Kenya,2015,EN.GHG.CO2.PC.CE.AR5,CO2 emissions excluding LULUCF per capita (t CO2e/capita),0.361032749251909
KEN,Kenya,2014,EN.GHG.CO2.PC.CE.AR5,CO2 emissions excluding LULUCF per capita (t CO2e/capita),0.341036024063525
KEN,Kenya,2013,EN.GHG.CO2.PC.CE.AR5,CO2 emissions excluding LULUCF per capita (t CO2e/capita),0.308839543589584
KEN,Kenya,2012,EN.GHG.CO2.PC.CE.AR5,CO2 emissions excluding LULUCF per capita (t CO2e/capita),0.293759364539568
